,Giorno,Transazioni,Spesa Facebook,google,Organico,day_week,month
0,2018-07-01,0,0.0,0.0,32.0,6,7
1,2018-07-02,0,0.0,0.0,41.0,0,7
2,2018-07-03,0,0.0,0.0,28.0,1,7
3,2018-07-04,0,0.0,0.0,21.0,2,7
4,2018-07-05,0,0.0,0.0,32.0,3,7
5,2018-07-06,0,0.0,0.0,30.0,4,7
6,2018-07-07,0,0.0,0.0,28.0,5,7
7,2018-07-08,0,0.0,0.0,34.0,6,7
8,2018-07-09,0,0.0,0.0,51.0,0,7
9,2018-07-10,0,0.0,0.0,43.0,1,7
10,2018-07-11,0,0.0,0.0,51.0,2,7
11,2018-07-12,0,0.0,0.0,34.0,3,7
12,2018-07-13,0,0.0,0.0,53.0,4,7
13,2018-07-14,0,0.0,0.0,46.0,5,7
14,2018-07-15,0,0.0,0.0,35.0,6,7
15,2018-07-16,0,0.0,0.0,49.0,0,7
16,2018-07-17,0,0.0,0.0,45.0,1,7
17,2018-07-18,0,0.0,0.0,49.0,2,7
18,2018-07-19,0,0.0,0.0,47.0,3,7
19,2018-07-20,0,0.0,0.0,40.0,4,7
20,2018-07-21,0,0.0,0.0,44.0,5,7
21,2018-07-22,0,0.0,0.0,53.0,6,7
22,2018-07-23,0,0.0,0.0,55.0,0,7
23,2018-07-24,0,0.0,0.0,54.0,1,7
24,2018-07-25,0,0.0,0.0,39.0,2,7
25,2018-07-26,0,0.0,0.0,51.0,3,7
26,2018-07-27,0,0.0,0.0,41.0,4,7
27,2018-07-28,0,0.0,0.0,32.0,5,7
28,2018-07-29,0,0.0,0.0,55.0,6,7
29,2018-07-30,0,0.0,0.0,66.0,0,7
30,2018-07-31,0,0.0,0.0,61.0,1,7
31,2018-08-01,0,0.0,0.0,72.0,2,8
32,2018-08-02,0,0.0,0.0,72.0,3,8
33,2018-08-03,0,0.0,0.0,52.0,4,8
34,2018-08-04,0,0.0,0.0,48.0,5,8
35,2018-08-05,0,0.0,0.0,59.0,6,8
36,2018-08-06,0,0.0,0.0,59.0,0,8
37,2018-08-07,0,0.0,0.0,76.0,1,8
38,2018-08-08,0,0.0,0.0,69.0,2,8
39,2018-08-09,0,0.0,0.0,80.0,3,8
40,2018-08-10,0,0.0,0.0,68.0,4,8
41,2018-08-11,0,0.0,0.0,68.0,5,8
42,2018-08-12,0,0.0,0.0,58.0,6,8
43,2018-08-13,0,0.0,0.0,78.0,0,8
44,2018-08-14,0,0.0,0.0,59.0,1,8
45,2018-08-15,0,0.0,0.0,56.0,2,8
46,2018-08-16,0,0.0,0.0,56.0,3,8
47,2018-08-17,0,0.0,0.0,44.0,4,8
48,2018-08-18,0,0.0,0.0,55.0,5,8
49,2018-08-19,0,0.0,0.0,50.0,6,8
50,2018-08-20,0,0.0,0.0,64.0,0,8
51,2018-08-21,0,0.0,0.0,77.0,1,8
52,2018-08-22,0,0.0,0.0,80.0,2,8
53,2018-08-23,0,0.0,0.0,72.0,3,8
54,2018-08-24,0,0.0,0.0,67.0,4,8
55,2018-08-25,0,0.0,0.0,57.0,5,8
56,2018-08-26,0,0.0,0.0,81.0,6,8
57,2018-08-27,0,0.0,0.0,73.0,0,8
58,2018-08-28,0,0.0,0.0,87.0,1,8
59,2018-08-29,0,0.0,0.0,67.0,2,8
60,2018-08-30,0,0.0,0.0,58.0,3,8
61,2018-08-31,0,0.0,0.0,70.0,4,8
62,2018-09-01,0,0.0,0.0,49.0,5,9
63,2018-09-02,0,0.0,0.0,78.0,6,9
64,2018-09-03,0,0.0,0.0,57.0,0,9
65,2018-09-04,0,0.0,0.0,61.0,1,9
66,2018-09-05,0,0.0,0.0,78.0,2,9
67,2018-09-06,0,0.0,0.0,59.0,3,9
68,2018-09-07,0,0.0,0.0,59.0,4,9
69,2018-09-08,0,0.0,0.0,77.0,5,9
70,2018-09-09,0,0.0,0.0,65.0,6,9
71,2018-09-10,0,0.0,0.0,68.0,0,9
72,2018-09-11,0,0.0,0.0,62.0,1,9
73,2018-09-12,0,0.0,0.0,59.0,2,9
74,2018-09-13,0,0.0,0.0,57.0,3,9
75,2018-09-14,0,0.0,0.0,50.0,4,9
76,2018-09-15,0,0.0,0.0,29.0,5,9
77,2018-09-16,0,0.0,0.0,52.0,6,9
78,2018-09-17,0,0.0,0.0,66.0,0,9
79,2018-09-18,0,0.0,0.0,50.0,1,9
80,2018-09-19,0,0.0,0.0,57.0,2,9
81,2018-09-20,0,0.0,0.0,60.0,3,9
82,2018-09-21,0,0.0,0.0,45.0,4,9
83,2018-09-22,0,0.0,0.0,44.0,5,9
84,2018-09-23,0,0.0,0.0,49.0,6,9
85,2018-09-24,0,0.0,0.0,65.0,0,9
86,2018-09-25,0,0.0,0.0,47.0,1,9
87,2018-09-26,0,0.0,0.0,56.0,2,9
88,2018-09-27,0,0.0,0.0,60.0,3,9
89,2018-09-28,0,0.0,0.0,40.0,4,9
90,2018-09-29,0,0.0,0.0,51.0,5,9
91,2018-09-30,0,0.0,0.0,48.0,6,9
92,2018-10-01,0,0.0,0.0,69.0,0,10
93,2018-10-02,0,0.0,0.0,63.0,1,10
94,2018-10-03,0,0.0,0.0,58.0,2,10
95,2018-10-04,0,0.0,0.0,73.0,3,10
96,2018-10-05,0,0.0,0.0,53.0,4,10
97,2018-10-06,0,0.0,0.0,29.0,5,10
98,2018-10-07,0,0.0,0.0,40.0,6,10
99,2018-10-08,0,0.0,0.0,40.0,0,10
100,2018-10-09,0,0.0,0.0,53.0,1,10
101,2018-10-10,0,0.0,0.0,48.0,2,10
102,2018-10-11,0,0.0,0.0,54.0,3,10
103,2018-10-12,0,0.0,0.0,66.0,4,10
104,2018-10-13,0,0.0,0.0,60.0,5,10
105,2018-10-14,0,0.0,0.0,55.0,6,10
106,2018-10-15,0,0.0,0.0,60.0,0,10
107,2018-10-16,0,0.0,0.0,68.0,1,10
108,2018-10-17,0,0.0,0.0,57.0,2,10
109,2018-10-18,0,0.0,0.0,59.0,3,10
110,2018-10-19,0,0.0,0.0,46.0,4,10
111,2018-10-20,0,0.0,0.0,57.0,5,10
112,2018-10-21,0,0.0,0.0,52.0,6,10
113,2018-10-22,0,0.0,0.0,74.0,0,10
114,2018-10-23,0,0.0,0.0,70.0,1,10
115,2018-10-24,0,0.0,0.0,53.0,2,10
116,2018-10-25,0,0.0,0.0,54.0,3,10
117,2018-10-26,0,0.0,0.0,61.0,4,10
118,2018-10-27,0,0.0,0.0,46.0,5,10
119,2018-10-28,0,0.0,0.0,48.0,6,10
120,2018-10-29,0,0.0,0.0,48.0,0,10
121,2018-10-30,0,0.0,0.0,51.0,1,10
122,2018-10-31,0,0.0,0.0,40.0,2,10
123,2018-11-01,0,0.0,0.0,42.0,3,11
124,2018-11-02,0,0.0,0.0,58.0,4,11
125,2018-11-03,0,0.0,0.0,50.0,5,11
126,2018-11-04,0,0.0,0.0,52.0,6,11
127,2018-11-05,0,0.0,0.0,40.0,0,11
128,2018-11-06,0,0.0,0.0,38.0,1,11
129,2018-11-07,0,0.0,0.0,43.0,2,11
130,2018-11-08,0,0.0,0.0,46.0,3,11
131,2018-11-09,0,0.0,0.0,43.0,4,11
132,2018-11-10,0,0.0,0.0,44.0,5,11
133,2018-11-11,0,0.0,0.0,46.0,6,11
134,2018-11-12,0,0.0,0.0,58.0,0,11
135,2018-11-13,0,0.0,0.0,52.0,1,11
136,2018-11-14,0,0.0,0.0,47.0,2,11
137,2018-11-15,0,0.0,0.0,46.0,3,11
138,2018-11-16,0,0.0,0.0,56.0,4,11
139,2018-11-17,0,0.0,0.0,38.0,5,11
140,2018-11-18,0,0.0,0.0,46.0,6,11
141,2018-11-19,0,0.0,0.0,65.0,0,11
142,2018-11-20,0,0.0,0.0,73.0,1,11
143,2018-11-21,0,0.0,0.0,60.0,2,11
144,2018-11-22,0,0.0,0.0,61.0,3,11
145,2018-11-23,0,0.0,0.0,79.0,4,11
146,2018-11-24,0,0.0,0.0,47.0,5,11
147,2018-11-25,0,0.0,0.0,38.0,6,11
148,2018-11-26,0,0.0,0.0,61.0,0,11
149,2018-11-27,0,0.0,0.0,51.0,1,11
150,2018-11-28,0,0.0,0.0,40.0,2,11
151,2018-11-29,0,0.0,0.0,47.0,3,11
152,2018-11-30,0,0.0,0.0,58.0,4,11
153,2018-12-01,0,0.0,0.0,42.0,5,12
154,2018-12-02,0,0.0,0.0,41.0,6,12
155,2018-12-03,0,0.0,0.0,75.0,0,12
156,2018-12-04,0,0.0,0.0,48.0,1,12
157,2018-12-05,0,0.0,0.0,56.0,2,12
158,2018-12-06,0,0.0,0.0,62.0,3,12
159,2018-12-07,0,0.0,0.0,76.0,4,12
160,2018-12-08,0,0.0,0.0,56.0,5,12
161,2018-12-09,0,0.0,0.0,51.0,6,12
162,2018-12-10,0,0.0,0.0,78.0,0,12
163,2018-12-11,0,0.0,0.0,68.0,1,12
164,2018-12-12,0,0.0,0.0,64.0,2,12
165,2018-12-13,0,0.0,0.0,70.0,3,12
166,2018-12-14,0,0.0,0.0,63.0,4,12
167,2018-12-15,0,0.0,0.0,44.0,5,12
168,2018-12-16,0,0.0,0.0,54.0,6,12
169,2018-12-17,0,0.0,0.0,80.0,0,12
170,2018-12-18,0,0.0,0.0,89.0,1,12
171,2018-12-19,0,0.0,0.0,61.0,2,12
172,2018-12-20,0,0.0,0.0,48.0,3,12
173,2018-12-21,0,0.0,0.0,49.0,4,12
174,2018-12-22,0,0.0,0.0,65.0,5,12
175,2018-12-23,0,0.0,0.0,62.0,6,12
176,2018-12-24,0,0.0,0.0,51.0,0,12
177,2018-12-25,0,0.0,0.0,33.0,1,12
178,2018-12-26,0,0.0,0.0,54.0,2,12
179,2018-12-27,0,0.0,0.0,55.0,3,12
180,2018-12-28,0,0.0,0.0,40.0,4,12
181,2018-12-29,0,0.0,0.0,40.0,5,12
182,2018-12-30,0,0.0,0.0,34.0,6,12
183,2018-12-31,0,0.0,0.0,28.0,0,12
184,2019-01-01,0,0.0,0.0,31.0,1,1
185,2019-01-02,0,0.0,0.0,54.0,2,1
186,2019-01-03,0,0.0,0.0,49.0,3,1
187,2019-01-04,0,0.0,0.0,50.0,4,1
188,2019-01-05,0,0.0,0.0,53.0,5,1
189,2019-01-06,0,0.0,0.0,44.0,6,1
190,2019-01-07,0,0.0,0.0,80.0,0,1
191,2019-01-08,0,0.0,0.0,67.0,1,1
192,2019-01-09,0,0.0,0.0,64.0,2,1
193,2019-01-10,0,0.0,0.0,63.0,3,1
194,2019-01-11,0,0.0,0.0,53.0,4,1
195,2019-01-12,0,0.0,0.0,36.0,5,1
196,2019-01-13,0,0.0,0.0,49.0,6,1
197,2019-01-14,0,0.0,0.0,47.0,0,1
198,2019-01-15,0,0.0,0.0,57.0,1,1
199,2019-01-16,0,0.0,0.0,50.0,2,1
200,2019-01-17,0,0.0,0.0,48.0,3,1
201,2019-01-18,0,0.0,0.0,42.0,4,1
202,2019-01-19,0,0.0,0.0,42.0,5,1
203,2019-01-20,0,0.0,0.0,53.0,6,1
204,2019-01-21,0,0.0,0.0,56.0,0,1
205,2019-01-22,0,0.0,0.0,56.0,1,1
206,2019-01-23,0,0.0,0.0,44.0,2,1
207,2019-01-24,0,0.0,0.0,54.0,3,1
208,2019-01-25,0,0.0,0.0,46.0,4,1
209,2019-01-26,0,0.0,0.0,33.0,5,1
210,2019-01-27,0,0.0,0.0,50.0,6,1
211,2019-01-28,0,0.0,0.0,40.0,0,1
212,2019-01-29,0,0.0,0.0,55.0,1,1
213,2019-01-30,0,0.0,0.0,57.0,2,1
214,2019-01-31,0,0.0,0.0,55.0,3,1
215,2019-02-01,0,0.0,0.0,55.0,4,2
216,2019-02-02,0,0.0,0.0,37.0,5,2
217,2019-02-03,0,0.0,0.0,51.0,6,2
218,2019-02-04,0,0.0,0.0,59.0,0,2
219,2019-02-05,0,0.0,0.0,50.0,1,2
220,2019-02-06,0,0.0,0.0,59.0,2,2
221,2019-02-07,0,0.0,0.0,64.0,3,2
222,2019-02-08,0,0.0,0.0,51.0,4,2
223,2019-02-09,0,0.0,0.0,33.0,5,2
224,2019-02-10,0,0.0,0.0,44.0,6,2
225,2019-02-11,0,0.0,0.0,50.0,0,2
226,2019-02-12,0,0.0,0.0,57.0,1,2
227,2019-02-13,0,0.0,0.0,58.0,2,2
228,2019-02-14,0,0.0,0.0,43.0,3,2
229,2019-02-15,0,0.0,0.0,38.0,4,2
230,2019-02-16,0,0.0,0.0,40.0,5,2
231,2019-02-17,0,0.0,0.0,46.0,6,2
232,2019-02-18,0,0.0,0.0,55.0,0,2
233,2019-02-19,0,0.0,0.0,70.0,1,2
234,2019-02-20,0,0.0,0.0,58.0,2,2
235,2019-02-21,0,0.0,0.0,68.0,3,2
236,2019-02-22,0,0.0,0.0,41.0,4,2
237,2019-02-23,0,0.0,0.0,47.0,5,2
238,2019-02-24,0,0.0,0.0,47.0,6,2
239,2019-02-25,0,0.0,0.0,62.0,0,2
240,2019-02-26,0,0.0,0.0,68.0,1,2
241,2019-02-27,0,0.0,0.0,50.0,2,2
242,2019-02-28,0,0.0,0.0,56.0,3,2
243,2019-03-01,0,0.0,0.0,42.0,4,3
244,2019-03-02,0,0.0,0.0,54.0,5,3
245,2019-03-03,0,0.0,0.0,57.0,6,3
246,2019-03-04,0,0.0,0.0,52.0,0,3
247,2019-03-05,0,0.0,0.0,44.0,1,3
248,2019-03-06,0,0.0,0.0,65.0,2,3
249,2019-03-07,0,0.0,0.0,74.0,3,3
250,2019-03-08,0,0.0,0.0,65.0,4,3
251,2019-03-09,0,0.0,0.0,56.0,5,3
252,2019-03-10,0,0.0,0.0,61.0,6,3
253,2019-03-11,0,0.0,0.0,85.0,0,3
254,2019-03-12,0,0.0,0.0,137.0,1,3
255,2019-03-13,0,0.0,0.0,61.0,2,3
256,2019-03-14,0,0.0,0.0,70.0,3,3
257,2019-03-15,0,0.0,0.0,58.0,4,3
258,2019-03-16,0,0.0,0.0,51.0,5,3
259,2019-03-17,0,0.0,0.0,48.0,6,3
260,2019-03-18,0,0.0,0.0,71.0,0,3
261,2019-03-19,0,0.0,0.0,67.0,1,3
262,2019-03-20,0,0.0,0.0,88.0,2,3
263,2019-03-21,0,0.0,0.0,63.0,3,3
264,2019-03-22,0,0.0,0.0,62.0,4,3
265,2019-03-23,0,0.0,0.0,42.0,5,3
266,2019-03-24,0,0.0,0.0,52.0,6,3
267,2019-03-25,0,0.0,0.0,68.0,0,3
268,2019-03-26,0,0.0,0.0,70.0,1,3
269,2019-03-27,0,0.0,0.0,75.0,2,3
270,2019-03-28,0,0.0,0.0,56.0,3,3
271,2019-03-29,0,0.0,0.0,63.0,4,3
272,2019-03-30,0,0.0,0.0,56.0,5,3
273,2019-03-31,0,0.0,0.0,50.0,6,3
274,2019-04-01,0,0.0,0.0,68.0,0,4
275,2019-04-02,0,0.0,0.0,48.0,1,4
276,2019-04-03,0,0.0,0.0,56.0,2,4
277,2019-04-04,0,0.0,0.0,69.0,3,4
278,2019-04-05,0,0.0,0.0,53.0,4,4
279,2019-04-06,0,0.0,0.0,58.0,5,4
280,2019-04-07,0,0.0,0.0,63.0,6,4
281,2019-04-08,0,0.0,0.0,87.0,0,4
282,2019-04-09,0,0.0,0.0,76.0,1,4
283,2019-04-10,0,0.0,0.0,70.0,2,4
284,2019-04-11,0,0.0,0.0,74.0,3,4
285,2019-04-12,0,0.0,0.0,70.0,4,4
286,2019-04-13,0,0.0,0.0,65.0,5,4
287,2019-04-14,0,0.0,0.0,76.0,6,4
288,2019-04-15,0,0.0,0.0,76.0,0,4
289,2019-04-16,0,0.0,0.0,84.0,1,4
290,2019-04-17,0,0.0,0.0,56.0,2,4
291,2019-04-18,0,0.0,0.0,56.0,3,4
292,2019-04-19,0,0.0,0.0,57.0,4,4
293,2019-04-20,0,0.0,0.0,55.0,5,4
294,2019-04-21,0,0.0,0.0,59.0,6,4
295,2019-04-22,0,0.0,0.0,61.0,0,4
296,2019-04-23,0,0.0,0.0,83.0,1,4
297,2019-04-24,0,0.0,0.0,80.0,2,4
298,2019-04-25,0,0.0,0.0,75.0,3,4
299,2019-04-26,0,0.0,0.0,76.0,4,4
300,2019-04-27,0,0.0,0.0,43.0,5,4
301,2019-04-28,0,0.0,0.0,59.0,6,4
302,2019-04-29,0,0.0,0.0,91.0,0,4
303,2019-04-30,0,0.0,0.0,59.0,1,4
304,2019-05-01,0,0.0,0.0,67.0,2,5
305,2019-05-02,0,0.0,0.0,108.0,3,5
306,2019-05-03,0,3.19,0.0,88.0,4,5
307,2019-05-04,0,8.7,0.0,78.0,5,5
308,2019-05-05,0,8.74,0.0,74.0,6,5
309,2019-05-06,0,9.79,0.0,88.0,0,5
310,2019-05-07,0,11.3,0.0,112.0,1,5
311,2019-05-08,0,28.29,0.0,108.0,2,5
312,2019-05-09,0,27.56,0.0,100.0,3,5
313,2019-05-10,0,1.09,0.0,94.0,4,5
314,2019-05-11,0,0.0,0.0,81.0,5,5
315,2019-05-12,0,0.0,0.0,71.0,6,5
316,2019-05-13,0,0.0,0.0,92.0,0,5
317,2019-05-14,0,0.0,0.0,86.0,1,5
318,2019-05-15,0,0.0,0.0,65.0,2,5
319,2019-05-16,0,0.0,0.0,80.0,3,5
320,2019-05-17,0,0.0,0.0,71.0,4,5
321,2019-05-18,0,0.0,0.0,80.0,5,5
322,2019-05-19,0,0.0,0.0,106.0,6,5
323,2019-05-20,0,0.0,0.0,75.0,0,5
324,2019-05-21,0,0.0,0.0,69.0,1,5
325,2019-05-22,0,0.0,0.0,85.0,2,5
326,2019-05-23,0,0.0,0.0,75.0,3,5
327,2019-05-24,0,0.0,0.0,78.0,4,5
328,2019-05-25,0,0.0,0.0,67.0,5,5
329,2019-05-26,0,0.0,0.0,72.0,6,5
330,2019-05-27,0,0.0,0.0,103.0,0,5
331,2019-05-28,0,0.0,0.0,85.0,1,5
332,2019-05-29,0,0.0,0.0,81.0,2,5
333,2019-05-30,0,0.0,0.0,103.0,3,5
334,2019-05-31,0,0.0,0.0,70.0,4,5
335,2019-06-01,0,0.0,0.0,70.0,5,6
336,2019-06-02,0,0.0,0.0,83.0,6,6
337,2019-06-03,0,0.0,0.0,87.0,0,6
338,2019-06-04,0,0.0,0.0,88.0,1,6
339,2019-06-05,0,0.0,0.0,84.0,2,6
340,2019-06-06,0,1.73,0.0,94.0,3,6
341,2019-06-07,0,4.67,0.0,89.0,4,6
342,2019-06-08,0,5.06,0.0,84.0,5,6
343,2019-06-09,0,4.83,0.0,79.0,6,6
344,2019-06-10,0,6.01,0.0,131.0,0,6
345,2019-06-11,0,11.44,0.0,109.0,1,6
346,2019-06-12,0,13.49,0.0,139.0,2,6
347,2019-06-13,0,13.25,0.0,103.0,3,6
348,2019-06-14,0,12.71,0.0,98.0,4,6
349,2019-06-15,0,13.0,0.0,113.0,5,6
350,2019-06-16,0,7.1,0.0,73.0,6,6
351,2019-06-17,0,6.98,0.0,116.0,0,6
352,2019-06-18,0,6.76,0.0,120.0,1,6
353,2019-06-19,0,6.89,0.0,90.0,2,6
354,2019-06-20,0,5.61,0.0,107.0,3,6
355,2019-06-21,0,4.93,0.0,76.0,4,6
356,2019-06-22,0,5.28,0.0,71.0,5,6
357,2019-06-23,0,5.04,0.0,66.0,6,6
358,2019-06-24,0,4.96,0.0,122.0,0,6
359,2019-06-25,0,4.84,0.0,105.0,1,6
360,2019-06-26,0,4.95,0.0,83.0,2,6
361,2019-06-27,0,5.02,0.0,98.0,3,6
362,2019-06-28,0,5.06,0.0,86.0,4,6
363,2019-06-29,0,5.13,0.0,75.0,5,6
364,2019-06-30,0,5.03,0.0,75.0,6,6
365,2019-07-01,0,4.9,0.0,91.0,0,7
366,2019-07-02,0,4.94,0.0,77.0,1,7
367,2019-07-03,0,5.06,0.0,79.0,2,7
368,2019-07-04,0,4.93,0.0,79.0,3,7
369,2019-07-05,0,5.84,0.0,61.0,4,7
370,2019-07-06,0,9.24,0.0,95.0,5,7
371,2019-07-07,0,8.82,0.0,70.0,6,7
372,2019-07-08,0,8.74,0.0,106.0,0,7
373,2019-07-09,0,8.8,0.0,103.0,1,7
374,2019-07-10,0,8.62,0.0,109.0,2,7
375,2019-07-11,0,8.74,0.0,107.0,3,7
376,2019-07-12,0,14.12,0.0,76.0,4,7
377,2019-07-13,0,9.64,0.0,82.0,5,7
378,2019-07-14,0,8.3,0.0,106.0,6,7
379,2019-07-15,0,8.6,0.0,106.0,0,7
380,2019-07-16,0,9.11,0.0,115.0,1,7
381,2019-07-17,0,8.49,0.0,113.0,2,7
382,2019-07-18,0,4.48,0.0,108.0,3,7
383,2019-07-19,0,3.41,0.0,106.0,4,7
384,2019-07-20,0,3.6,0.0,64.0,5,7
385,2019-07-21,0,3.44,0.0,69.0,6,7
386,2019-07-22,0,2.96,0.0,115.0,0,7
387,2019-07-23,0,3.26,0.0,96.0,1,7
388,2019-07-24,0,3.53,0.0,96.0,2,7
389,2019-07-25,0,3.4,0.0,85.0,3,7
390,2019-07-26,0,3.54,0.0,75.0,4,7
391,2019-07-27,0,3.4,0.0,73.0,5,7
392,2019-07-28,0,3.51,0.0,85.0,6,7
393,2019-07-29,0,3.5,0.0,80.0,0,7
394,2019-07-30,0,3.74,0.0,108.0,1,7
395,2019-07-31,0,3.22,0.0,104.0,2,7
396,2019-08-01,0,0.0,0.0,95.0,3,8
397,2019-08-02,0,0.0,0.0,67.0,4,8
398,2019-08-03,0,0.0,0.0,78.0,5,8
399,2019-08-04,0,0.0,0.0,63.0,6,8
400,2019-08-05,0,0.0,0.0,123.0,0,8
401,2019-08-06,0,0.0,0.0,98.0,1,8
402,2019-08-07,0,0.0,0.0,95.0,2,8
403,2019-08-08,0,0.0,0.0,115.0,3,8
404,2019-08-09,0,0.0,0.0,104.0,4,8
405,2019-08-10,0,0.0,0.0,90.0,5,8
406,2019-08-11,0,0.0,0.0,102.0,6,8
407,2019-08-12,0,0.0,0.0,99.0,0,8
408,2019-08-13,0,0.0,0.0,97.0,1,8
409,2019-08-14,0,0.0,0.0,98.0,2,8
410,2019-08-15,0,0.0,0.0,83.0,3,8
411,2019-08-16,0,0.0,0.0,86.0,4,8
412,2019-08-17,0,0.0,0.0,103.0,5,8
413,2019-08-18,0,0.0,0.0,87.0,6,8
414,2019-08-19,0,0.0,0.0,124.0,0,8
415,2019-08-20,0,0.0,0.0,155.0,1,8
416,2019-08-21,0,0.0,0.0,137.0,2,8
417,2019-08-22,0,0.0,0.0,105.0,3,8
418,2019-08-23,0,0.0,0.0,114.0,4,8
419,2019-08-24,0,0.0,0.0,88.0,5,8
420,2019-08-25,0,0.0,0.0,99.0,6,8
421,2019-08-26,0,0.0,0.0,122.0,0,8
422,2019-08-27,0,0.0,0.0,114.0,1,8
423,2019-08-28,0,0.0,0.0,98.0,2,8
424,2019-08-29,0,0.0,0.0,81.0,3,8
425,2019-08-30,0,0.0,0.0,98.0,4,8
426,2019-08-31,0,0.0,0.0,97.0,5,8
427,2019-09-01,0,0.0,0.0,97.0,6,9
428,2019-09-02,0,0.0,0.0,108.0,0,9
429,2019-09-03,0,0.0,0.0,128.0,1,9
430,2019-09-04,0,0.0,0.0,94.0,2,9
431,2019-09-05,0,0.0,0.0,113.0,3,9
432,2019-09-06,0,0.0,0.0,79.0,4,9
433,2019-09-07,0,0.0,0.0,83.0,5,9
434,2019-09-08,0,0.0,0.0,72.0,6,9
435,2019-09-09,0,0.0,0.0,91.0,0,9
436,2019-09-10,0,0.0,0.0,94.0,1,9
437,2019-09-11,0,0.0,0.0,101.0,2,9
438,2019-09-12,0,0.0,0.0,73.0,3,9
439,2019-09-13,0,0.0,0.0,71.0,4,9
440,2019-09-14,0,0.0,0.0,72.0,5,9
441,2019-09-15,0,0.0,0.0,72.0,6,9
442,2019-09-16,0,0.0,0.0,92.0,0,9
443,2019-09-17,0,0.0,0.0,111.0,1,9
444,2019-09-18,0,0.0,0.0,111.0,2,9
445,2019-09-19,1,0.0,0.0,86.0,3,9
446,2019-09-20,0,0.0,0.0,89.0,4,9
447,2019-09-21,0,0.0,0.0,78.0,5,9
448,2019-09-22,0,0.0,0.0,99.0,6,9
449,2019-09-23,0,0.0,0.0,110.0,0,9
450,2019-09-24,0,0.0,0.0,96.0,1,9
451,2019-09-25,0,0.0,0.0,89.0,2,9
452,2019-09-26,0,4.8,0.0,83.0,3,9
453,2019-09-27,0,14.05,0.0,87.0,4,9
454,2019-09-28,0,14.78,0.0,64.0,5,9
455,2019-09-29,0,15.34,0.0,73.0,6,9
456,2019-09-30,0,11.03,0.0,79.0,0,9
457,2019-10-01,0,0.0,0.0,91.0,1,10
458,2019-10-02,0,0.0,0.0,110.0,2,10
459,2019-10-03,0,0.0,0.0,89.0,3,10
460,2019-10-04,0,0.0,0.0,86.0,4,10
461,2019-10-05,0,0.0,0.0,98.0,5,10
462,2019-10-06,0,0.0,0.0,82.0,6,10
463,2019-10-07,0,0.0,0.0,87.0,0,10
464,2019-10-08,0,0.0,0.0,92.0,1,10
465,2019-10-09,0,0.0,0.0,82.0,2,10
466,2019-10-10,0,0.0,0.0,62.0,3,10
467,2019-10-11,0,0.0,0.0,59.0,4,10
468,2019-10-12,0,0.0,0.0,74.0,5,10
469,2019-10-13,0,0.0,0.0,66.0,6,10
470,2019-10-14,0,0.0,0.0,103.0,0,10
471,2019-10-15,0,0.0,0.0,82.0,1,10
472,2019-10-16,0,0.0,0.0,63.0,2,10
473,2019-10-17,0,0.0,0.0,69.0,3,10
474,2019-10-18,0,0.0,0.0,77.0,4,10
475,2019-10-19,0,0.0,0.0,65.0,5,10
476,2019-10-20,0,0.0,0.0,82.0,6,10
477,2019-10-21,0,0.0,0.0,77.0,0,10
478,2019-10-22,0,0.0,0.0,83.0,1,10
479,2019-10-23,0,0.0,0.0,59.0,2,10
480,2019-10-24,0,1.97,0.0,81.0,3,10
481,2019-10-25,0,5.94,0.0,65.0,4,10
482,2019-10-26,0,6.25,0.0,62.0,5,10
483,2019-10-27,0,6.17,0.0,60.0,6,10
484,2019-10-28,0,5.86,0.0,88.0,0,10
485,2019-10-29,0,6.06,0.0,74.0,1,10
486,2019-10-30,0,6.19,0.0,62.0,2,10
487,2019-10-31,0,7.14,0.0,68.0,3,10
488,2019-11-01,0,11.59,0.0,60.0,4,11
489,2019-11-02,0,0.0,0.0,66.0,5,11
490,2019-11-03,0,0.0,0.0,74.0,6,11
491,2019-11-04,0,0.0,0.0,101.0,0,11
492,2019-11-05,0,0.0,0.0,82.0,1,11
493,2019-11-06,0,0.0,0.0,69.0,2,11
494,2019-11-07,0,0.0,0.0,88.0,3,11
495,2019-11-08,0,0.0,0.0,91.0,4,11
496,2019-11-09,0,0.0,0.0,71.0,5,11
497,2019-11-10,0,0.0,0.0,86.0,6,11
498,2019-11-11,0,0.0,0.0,100.0,0,11
499,2019-11-12,0,0.0,0.0,119.0,1,11
500,2019-11-13,0,0.0,0.0,100.0,2,11
501,2019-11-14,0,0.0,0.0,91.0,3,11
502,2019-11-15,0,0.0,0.0,76.0,4,11
503,2019-11-16,0,0.0,0.0,65.0,5,11
504,2019-11-17,0,0.0,0.0,84.0,6,11
505,2019-11-18,0,0.0,0.0,105.0,0,11
506,2019-11-19,0,0.0,0.0,103.0,1,11
507,2019-11-20,0,0.0,0.0,83.0,2,11
508,2019-11-21,0,0.0,0.0,60.0,3,11
509,2019-11-22,0,0.0,0.0,71.0,4,11
510,2019-11-23,0,0.0,0.0,59.0,5,11
511,2019-11-24,0,0.0,0.0,99.0,6,11
512,2019-11-25,0,0.0,0.0,108.0,0,11
513,2019-11-26,0,0.0,0.0,89.0,1,11
514,2019-11-27,0,0.0,0.0,101.0,2,11
515,2019-11-28,1,0.79,0.0,104.0,3,11
516,2019-11-29,2,9.93,0.0,87.0,4,11
517,2019-11-30,2,10.91,0.0,70.0,5,11
518,2019-12-01,0,10.44,0.0,82.0,6,12
519,2019-12-02,2,10.04,0.0,114.0,0,12
520,2019-12-03,2,5.57,0.0,103.0,1,12
521,2019-12-04,1,0.0,0.0,102.0,2,12
522,2019-12-05,0,1.37,0.0,119.0,3,12
523,2019-12-06,0,3.04,0.0,93.0,4,12
524,2019-12-07,0,3.26,0.0,58.0,5,12
525,2019-12-08,0,3.23,0.0,77.0,6,12
526,2019-12-09,2,3.06,0.0,100.0,0,12
527,2019-12-10,1,3.12,0.0,79.0,1,12
528,2019-12-11,3,3.09,0.0,86.0,2,12
529,2019-12-12,2,3.22,0.0,87.0,3,12
530,2019-12-13,1,3.04,0.0,85.0,4,12
531,2019-12-14,3,3.29,0.0,81.0,5,12
532,2019-12-15,3,3.27,0.0,82.0,6,12
533,2019-12-16,5,2.99,0.0,114.0,0,12
534,2019-12-17,4,7.67,0.0,104.0,1,12
535,2019-12-18,7,10.55,0.0,116.0,2,12
536,2019-12-19,4,10.8,0.0,89.0,3,12
537,2019-12-20,5,10.54,0.0,95.0,4,12
538,2019-12-21,5,9.41,0.0,109.0,5,12
539,2019-12-22,1,2.05,0.0,72.0,6,12
540,2019-12-23,3,0.0,0.0,102.0,0,12
541,2019-12-24,3,0.0,0.0,71.0,1,12
542,2019-12-25,0,0.0,0.0,48.0,2,12
543,2019-12-26,1,0.0,0.0,83.0,3,12
544,2019-12-27,4,0.0,0.0,70.0,4,12
545,2019-12-28,2,0.0,0.0,67.0,5,12
546,2019-12-29,0,0.0,0.0,73.0,6,12
547,2019-12-30,3,0.0,0.0,86.0,0,12
548,2019-12-31,1,0.0,0.0,45.0,1,12
549,2020-01-01,0,0.0,0.0,35.0,2,1
550,2020-01-02,0,0.0,0.0,107.0,3,1
551,2020-01-03,0,0.0,0.0,77.0,4,1
552,2020-01-04,1,0.0,0.0,68.0,5,1
553,2020-01-05,1,0.0,0.0,56.0,6,1
554,2020-01-06,0,0.0,0.0,99.0,0,1
555,2020-01-07,2,0.0,0.0,85.0,1,1
556,2020-01-08,0,0.0,0.0,90.0,2,1
557,2020-01-09,2,0.0,0.0,83.0,3,1
558,2020-01-10,1,0.0,0.0,80.0,4,1
559,2020-01-11,1,0.0,0.0,74.0,5,1
560,2020-01-12,0,0.0,0.0,82.0,6,1
561,2020-01-13,1,0.0,0.0,94.0,0,1
562,2020-01-14,1,0.0,0.0,91.0,1,1
563,2020-01-15,0,3.61,0.0,82.0,2,1
564,2020-01-16,0,9.94,0.0,96.0,3,1
565,2020-01-17,2,9.48,0.0,75.0,4,1
566,2020-01-18,2,10.18,0.0,77.0,5,1
567,2020-01-19,2,9.79,0.0,84.0,6,1
568,2020-01-20,1,10.19,0.0,123.0,0,1
569,2020-01-21,1,9.81,0.0,81.0,1,1
570,2020-01-22,2,10.13,0.0,91.0,2,1
571,2020-01-23,1,10.06,0.0,111.0,3,1
572,2020-01-24,3,9.89,0.0,92.0,4,1
573,2020-01-25,2,10.13,0.0,70.0,5,1
574,2020-01-26,2,10.08,0.0,56.0,6,1
575,2020-01-27,3,9.81,0.0,92.0,0,1
576,2020-01-28,1,10.07,0.0,93.0,1,1
577,2020-01-29,1,9.88,0.0,81.0,2,1
578,2020-01-30,8,9.88,0.0,103.0,3,1
579,2020-01-31,2,10.15,0.0,78.0,4,1
580,2020-02-01,0,10.13,0.0,63.0,5,2
581,2020-02-02,0,10.03,0.0,84.0,6,2
582,2020-02-03,2,9.87,0.0,90.0,0,2
583,2020-02-04,2,10.11,0.0,84.0,1,2
584,2020-02-05,5,9.78,0.0,88.0,2,2
585,2020-02-06,1,9.81,0.0,92.0,3,2
586,2020-02-07,1,11.27,0.0,60.0,4,2
587,2020-02-08,1,14.0,0.0,87.0,5,2
588,2020-02-09,3,14.71,0.0,77.0,6,2
589,2020-02-10,2,15.16,0.0,105.0,0,2
590,2020-02-11,6,15.07,0.0,86.0,1,2
591,2020-02-12,3,14.85,0.0,76.0,2,2
592,2020-02-13,1,14.98,0.0,96.0,3,2
593,2020-02-14,1,14.55,0.0,94.0,4,2
594,2020-02-15,0,14.07,0.0,51.0,5,2
595,2020-02-16,1,10.38,0.0,66.0,6,2
596,2020-02-17,1,9.89,0.0,94.0,0,2
597,2020-02-18,3,9.9,0.0,86.0,1,2
598,2020-02-19,1,10.02,0.0,79.0,2,2
599,2020-02-20,0,10.04,0.0,94.0,3,2
600,2020-02-21,1,9.82,0.0,83.0,4,2
601,2020-02-22,0,5.0,0.0,60.0,5,2
602,2020-02-23,0,0.0,0.0,76.0,6,2
603,2020-02-24,3,0.0,0.0,93.0,0,2
604,2020-02-25,2,3.22,0.0,90.0,1,2
605,2020-02-26,0,4.73,0.0,95.0,2,2
606,2020-02-27,2,4.73,0.0,105.0,3,2
607,2020-02-28,1,4.95,0.0,74.0,4,2
608,2020-02-29,0,5.17,0.0,63.0,5,2
609,2020-03-01,1,5.01,0.0,69.0,6,3
610,2020-03-02,1,5.0,0.0,89.0,0,3
611,2020-03-03,2,5.02,0.0,87.0,1,3
612,2020-03-04,1,4.91,0.0,82.0,2,3
613,2020-03-05,6,5.03,0.0,81.0,3,3
614,2020-03-06,1,5.03,0.0,84.0,4,3
615,2020-03-07,1,5.0,0.0,68.0,5,3
616,2020-03-08,1,5.02,0.0,55.0,6,3
617,2020-03-09,3,4.99,0.0,62.0,0,3
618,2020-03-10,1,4.82,0.0,51.0,1,3
619,2020-03-11,1,0.0,0.0,76.0,2,3
620,2020-03-12,1,0.0,0.0,57.0,3,3
621,2020-03-13,5,0.0,0.0,66.0,4,3
622,2020-03-14,4,0.0,0.0,80.0,5,3
623,2020-03-15,1,0.0,0.0,45.0,6,3
624,2020-03-16,1,0.0,0.0,50.0,0,3
625,2020-03-17,0,0.0,0.0,34.0,1,3
626,2020-03-18,1,0.0,0.0,45.0,2,3
627,2020-03-19,1,0.0,0.0,56.0,3,3
628,2020-03-20,0,0.0,0.0,30.0,4,3
629,2020-03-21,0,0.0,0.0,40.0,5,3
630,2020-03-22,0,0.0,0.0,55.0,6,3
631,2020-03-23,0,0.0,0.0,57.0,0,3
632,2020-03-24,4,0.0,0.0,52.0,1,3
633,2020-03-25,0,0.0,0.0,67.0,2,3
634,2020-03-26,0,0.0,0.0,53.0,3,3
635,2020-03-27,1,1.7,0.0,56.0,4,3
636,2020-03-28,1,9.79,0.0,55.0,5,3
637,2020-03-29,0,9.75,0.0,66.0,6,3
638,2020-03-30,6,9.72,0.0,63.0,0,3
639,2020-03-31,2,10.15,0.0,72.0,1,3
640,2020-04-01,1,10.03,0.0,74.0,2,4
641,2020-04-02,1,9.87,0.0,75.0,3,4
642,2020-04-03,1,10.28,0.0,65.0,4,4
643,2020-04-04,0,5.66,0.0,69.0,5,4
644,2020-04-05,0,0.0,0.0,74.0,6,4
645,2020-04-06,7,0.0,0.0,105.0,0,4
646,2020-04-07,7,0.0,0.0,98.0,1,4
647,2020-04-08,3,0.0,0.0,78.0,2,4
648,2020-04-09,4,0.0,0.0,74.0,3,4
649,2020-04-10,4,0.0,0.0,109.0,4,4
650,2020-04-11,0,0.0,0.0,86.0,5,4
651,2020-04-12,4,0.0,0.0,98.0,6,4
652,2020-04-13,1,0.0,0.0,94.0,0,4
653,2020-04-14,2,0.0,0.0,89.0,1,4
654,2020-04-15,2,0.0,0.0,83.0,2,4
655,2020-04-16,3,0.0,0.0,90.0,3,4
656,2020-04-17,2,0.0,0.0,84.0,4,4
657,2020-04-18,5,0.0,0.0,96.0,5,4
658,2020-04-19,2,0.0,0.0,97.0,6,4
659,2020-04-20,3,0.0,0.0,110.0,0,4
660,2020-04-21,5,8.98,0.0,107.0,1,4
661,2020-04-22,2,9.54,0.0,118.0,2,4
662,2020-04-23,6,10.07,0.0,125.0,3,4
663,2020-04-24,4,1.15,0.0,93.0,4,4
664,2020-04-25,2,0.0,0.0,97.0,5,4
665,2020-04-26,6,0.0,0.0,104.0,6,4
666,2020-04-27,3,4.71,0.0,109.0,0,4
667,2020-04-28,13,21.05,0.0,149.0,1,4
668,2020-04-29,9,20.99,0.0,137.0,2,4
669,2020-04-30,4,21.31,0.0,107.0,3,4
670,2020-05-01,13,16.72,0.0,152.0,4,5
671,2020-05-02,6,16.77,0.0,127.0,5,5
672,2020-05-03,12,29.93,0.0,180.0,6,5
673,2020-05-04,8,29.53,0.0,177.0,0,5
674,2020-05-05,14,20.3,0.0,171.0,1,5
675,2020-05-06,10,19.85,0.0,173.0,2,5
676,2020-05-07,17,20.24,0.0,195.0,3,5
677,2020-05-08,14,20.66,0.0,172.0,4,5
678,2020-05-09,9,24.19,0.0,181.0,5,5
679,2020-05-10,6,39.37,0.0,158.0,6,5
680,2020-05-11,11,39.68,0.0,193.0,0,5
681,2020-05-12,16,39.55,0.0,218.0,1,5
682,2020-05-13,10,39.44,0.0,189.0,2,5
683,2020-05-14,14,40.64,0.0,210.0,3,5
684,2020-05-15,12,40.29,0.0,198.0,4,5
685,2020-05-16,8,41.03,0.0,185.0,5,5
686,2020-05-17,9,40.36,0.0,240.0,6,5
687,2020-05-18,14,38.13,0.0,243.0,0,5
688,2020-05-19,11,32.29,0.0,257.0,1,5
689,2020-05-20,15,32.13,0.0,246.0,2,5
690,2020-05-21,6,32.33,0.0,232.0,3,5
691,2020-05-22,13,32.46,0.0,276.0,4,5
692,2020-05-23,10,31.96,0.0,227.0,5,5
693,2020-05-24,17,32.28,0.0,272.0,6,5
694,2020-05-25,12,31.59,0.0,296.0,0,5
695,2020-05-26,13,32.41,0.0,234.0,1,5
696,2020-05-27,9,32.23,0.0,253.0,2,5
697,2020-05-28,13,31.0,0.0,253.0,3,5
698,2020-05-29,11,30.04,0.0,207.0,4,5
699,2020-05-30,7,29.96,0.0,242.0,5,5
700,2020-05-31,11,30.29,0.0,268.0,6,5
701,2020-06-01,14,29.77,0.0,305.0,0,6
702,2020-06-02,20,30.03,0.0,286.0,1,6
703,2020-06-03,17,29.73,0.0,286.0,2,6
704,2020-06-04,16,29.9,0.0,263.0,3,6
705,2020-06-05,9,29.95,0.0,280.0,4,6
706,2020-06-06,10,30.33,0.0,254.0,5,6
707,2020-06-07,15,30.07,0.0,340.0,6,6
708,2020-06-08,20,29.69,0.0,298.0,0,6
709,2020-06-09,11,30.04,0.0,305.0,1,6
710,2020-06-10,8,29.88,0.0,291.0,2,6
711,2020-06-11,13,29.87,0.0,293.0,3,6
712,2020-06-12,18,26.41,0.0,299.0,4,6
713,2020-06-13,15,21.15,0.0,300.0,5,6
714,2020-06-14,19,21.32,0.0,327.0,6,6
715,2020-06-15,23,21.01,0.0,359.0,0,6
716,2020-06-16,16,13.54,0.0,337.0,1,6
717,2020-06-17,18,1.17,0.0,311.0,2,6
718,2020-06-18,22,1.17,0.0,326.0,3,6
719,2020-06-19,15,1.16,0.0,310.0,4,6
720,2020-06-20,14,1.21,0.0,297.0,5,6
721,2020-06-21,3,1.21,0.0,285.0,6,6
722,2020-06-22,10,1.66,0.0,291.0,0,6
723,2020-06-23,7,2.18,0.0,273.0,1,6
724,2020-06-24,10,1.19,0.0,236.0,2,6
725,2020-06-25,15,1.16,0.0,275.0,3,6
726,2020-06-26,6,1.2,0.0,233.0,4,6
727,2020-06-27,14,1.19,0.0,253.0,5,6
728,2020-06-28,5,1.18,0.0,287.0,6,6
729,2020-06-29,12,1.15,0.0,275.0,0,6
730,2020-06-30,7,1.21,0.0,254.0,1,6
731,2020-07-01,5,1.19,0.0,258.0,2,7
732,2020-07-02,8,1.17,0.0,263.0,3,7
733,2020-07-03,5,0.68,0.0,210.0,4,7
734,2020-07-04,25,0.0,0.0,258.0,5,7
735,2020-07-05,41,0.0,0.0,351.0,6,7
736,2020-07-06,37,0.0,0.0,375.0,0,7
737,2020-07-07,19,0.0,0.0,335.0,1,7
738,2020-07-08,21,0.0,0.0,347.0,2,7
739,2020-07-09,14,0.0,0.0,293.0,3,7
740,2020-07-10,9,0.0,0.0,306.0,4,7
741,2020-07-11,13,0.0,0.0,237.0,5,7
742,2020-07-12,14,0.0,0.0,267.0,6,7
743,2020-07-13,18,0.0,0.0,280.0,0,7
744,2020-07-14,15,0.0,0.0,253.0,1,7
745,2020-07-15,21,0.0,0.0,275.0,2,7
746,2020-07-16,14,0.0,0.0,318.0,3,7
747,2020-07-17,23,0.0,0.0,346.0,4,7
748,2020-07-18,14,0.0,0.0,297.0,5,7
749,2020-07-19,10,0.0,0.0,276.0,6,7
750,2020-07-20,16,0.0,0.0,318.0,0,7
751,2020-07-21,11,0.0,0.0,263.0,1,7
752,2020-07-22,13,0.0,0.0,257.0,2,7
753,2020-07-23,17,0.0,0.0,252.0,3,7
754,2020-07-24,7,0.0,0.0,249.0,4,7
755,2020-07-25,11,0.0,0.0,227.0,5,7
756,2020-07-26,19,0.0,0.0,294.0,6,7
757,2020-07-27,16,0.0,0.0,244.0,0,7
758,2020-07-28,3,0.39,0.0,221.0,1,7
759,2020-07-29,19,2.02,0.0,250.0,2,7
760,2020-07-30,12,1.95,0.0,239.0,3,7
761,2020-07-31,12,2.03,0.0,245.0,4,7
762,2020-08-01,8,2.0,0.0,255.0,5,8
763,2020-08-02,9,1.61,0.0,271.0,6,8
764,2020-08-03,19,0.0,0.0,269.0,0,8
765,2020-08-04,10,0.0,0.0,258.0,1,8
766,2020-08-05,10,0.0,0.0,286.0,2,8
767,2020-08-06,19,0.0,0.0,266.0,3,8
768,2020-08-07,7,0.0,0.0,218.0,4,8
769,2020-08-08,6,0.0,0.0,234.0,5,8
770,2020-08-09,8,0.0,0.0,250.0,6,8
771,2020-08-10,15,0.0,0.0,275.0,0,8
772,2020-08-11,11,0.0,0.0,263.0,1,8
773,2020-08-12,8,3.7,0.0,238.0,2,8
774,2020-08-13,12,22.0,0.0,179.0,3,8
775,2020-08-14,13,23.16,0.0,219.0,4,8
776,2020-08-15,10,23.76,0.0,226.0,5,8
777,2020-08-16,12,22.13,0.0,255.0,6,8
778,2020-08-17,22,21.53,0.0,292.0,0,8
779,2020-08-18,14,21.7,0.0,267.0,1,8
780,2020-08-19,14,21.61,0.0,257.0,2,8
781,2020-08-20,9,21.94,0.0,251.0,3,8
782,2020-08-21,19,22.68,0.0,222.0,4,8
783,2020-08-22,12,22.59,0.0,225.0,5,8
784,2020-08-23,16,21.13,0.0,267.0,6,8
785,2020-08-24,21,19.58,0.0,292.0,0,8
786,2020-08-25,13,19.89,0.0,239.0,1,8
787,2020-08-26,21,19.84,0.0,244.0,2,8
788,2020-08-27,13,19.99,0.0,270.0,3,8
789,2020-08-28,17,20.48,0.0,277.0,4,8
790,2020-08-29,6,20.22,0.0,281.0,5,8
791,2020-08-30,10,20.0,0.0,302.0,6,8
792,2020-08-31,15,20.1,0.0,252.0,0,8
793,2020-09-01,20,19.77,0.0,299.0,1,9
794,2020-09-02,23,14.67,0.0,272.0,2,9
795,2020-09-03,10,0.0,0.0,238.0,3,9
796,2020-09-04,15,0.0,0.0,250.0,4,9
797,2020-09-05,18,0.0,0.0,240.0,5,9
798,2020-09-06,7,0.0,0.0,268.0,6,9
799,2020-09-07,19,0.0,0.0,271.0,0,9
800,2020-09-08,8,0.0,0.0,262.0,1,9
801,2020-09-09,17,0.0,0.0,239.0,2,9
802,2020-09-10,13,0.0,0.0,268.0,3,9
803,2020-09-11,14,0.0,0.0,268.0,4,9
804,2020-09-12,24,0.0,0.0,241.0,5,9
805,2020-09-13,13,0.0,0.0,261.0,6,9
806,2020-09-14,28,0.0,0.0,276.0,0,9
807,2020-09-15,18,0.0,0.0,240.0,1,9
808,2020-09-16,12,0.0,0.0,234.0,2,9
809,2020-09-17,21,0.0,0.0,282.0,3,9
810,2020-09-18,18,1.67,0.0,258.0,4,9
811,2020-09-19,13,2.79,0.0,223.0,5,9
812,2020-09-20,15,2.71,0.0,256.0,6,9
813,2020-09-21,17,2.81,0.0,219.0,0,9
814,2020-09-22,20,2.82,0.0,269.0,1,9
815,2020-09-23,13,2.81,0.0,250.0,2,9
816,2020-09-24,24,3.1,0.0,261.0,3,9
817,2020-09-25,32,5.45,0.0,264.0,4,9
818,2020-09-26,12,5.67,0.0,191.0,5,9
819,2020-09-27,13,5.58,0.0,231.0,6,9
820,2020-09-28,18,5.79,0.0,223.0,0,9
821,2020-09-29,13,6.14,0.0,230.0,1,9
822,2020-09-30,14,2.66,0.0,221.0,2,9
823,2020-10-01,7,0.0,0.0,216.0,3,10
824,2020-10-02,17,0.0,0.0,214.0,4,10
825,2020-10-03,6,0.0,0.0,161.0,5,10
826,2020-10-04,10,0.0,0.0,204.0,6,10
827,2020-10-05,18,0.0,0.0,204.0,0,10
828,2020-10-06,11,0.0,0.0,221.0,1,10
829,2020-10-07,11,0.0,0.0,185.0,2,10
830,2020-10-08,11,6.3,0.0,199.0,3,10
831,2020-10-09,20,11.74,0.0,219.0,4,10
832,2020-10-10,9,11.53,0.0,188.0,5,10
833,2020-10-11,6,10.01,0.0,226.0,6,10
834,2020-10-12,14,9.66,0.0,238.0,0,10
835,2020-10-13,12,10.15,0.0,195.0,1,10
836,2020-10-14,9,9.75,0.0,183.0,2,10
837,2020-10-15,13,9.75,0.0,195.0,3,10
838,2020-10-16,7,9.87,0.0,176.0,4,10
839,2020-10-17,9,25.85,0.0,175.0,5,10
840,2020-10-18,11,39.33,0.0,223.0,6,10
841,2020-10-19,22,39.64,0.0,263.0,0,10
842,2020-10-20,27,39.87,0.0,244.0,1,10
843,2020-10-21,17,39.78,0.0,229.0,2,10
844,2020-10-22,14,39.99,0.0,225.0,3,10
845,2020-10-23,11,40.26,0.0,207.0,4,10
846,2020-10-24,7,40.81,0.0,175.0,5,10
847,2020-10-25,9,39.6,0.0,193.0,6,10
848,2020-10-26,16,39.12,0.0,219.0,0,10
849,2020-10-27,14,35.07,0.0,217.0,1,10
850,2020-10-28,20,31.12,0.0,211.0,2,10
851,2020-10-29,14,31.48,0.0,182.0,3,10
852,2020-10-30,13,31.43,0.0,156.0,4,10
853,2020-10-31,4,35.02,0.0,150.0,5,10
854,2020-11-01,10,29.71,0.0,217.0,6,11
855,2020-11-02,17,28.68,0.0,228.0,0,11
856,2020-11-03,20,10.13,0.0,222.0,1,11
857,2020-11-04,16,9.58,0.0,209.0,2,11
858,2020-11-05,18,10.06,0.0,197.0,3,11
859,2020-11-06,10,12.12,0.0,187.0,4,11
860,2020-11-07,4,16.89,0.0,147.0,5,11
861,2020-11-08,7,11.85,0.0,200.0,6,11
862,2020-11-09,13,6.25,0.0,173.0,0,11
863,2020-11-10,18,5.95,0.0,166.0,1,11
864,2020-11-11,11,3.62,0.0,156.0,2,11
865,2020-11-12,5,0.0,0.0,141.0,3,11
866,2020-11-13,3,0.0,0.0,125.0,4,11
867,2020-11-14,2,0.0,0.0,114.0,5,11
868,2020-11-15,1,0.0,0.0,102.0,6,11
869,2020-11-16,9,0.0,0.0,131.0,0,11
870,2020-11-17,5,0.0,0.0,164.0,1,11
871,2020-11-18,5,0.0,0.0,113.0,2,11
872,2020-11-19,8,0.0,0.0,160.0,3,11
873,2020-11-20,2,0.0,0.0,122.0,4,11
874,2020-11-21,2,0.0,0.0,164.0,5,11
875,2020-11-22,7,0.0,0.0,168.0,6,11
876,2020-11-23,7,11.61,0.0,196.0,0,11
877,2020-11-24,15,11.32,0.0,205.0,1,11
878,2020-11-25,7,11.44,0.0,176.0,2,11
879,2020-11-26,11,11.25,0.0,187.0,3,11
880,2020-11-27,30,16.04,0.0,364.0,4,11
881,2020-11-28,23,29.0,0.0,202.0,5,11
882,2020-11-29,18,27.62,0.0,203.0,6,11
883,2020-11-30,13,15.89,0.0,228.0,0,11
884,2020-12-01,12,9.8,0.0,201.0,1,12
885,2020-12-02,14,9.79,0.0,208.0,2,12
886,2020-12-03,11,9.92,0.0,175.0,3,12
887,2020-12-04,13,6.86,0.0,176.0,4,12
888,2020-12-05,6,0.0,0.0,160.0,5,12
889,2020-12-06,6,0.0,0.0,174.0,6,12
890,2020-12-07,13,0.0,0.0,216.0,0,12
891,2020-12-08,14,0.0,0.0,184.0,1,12
892,2020-12-09,20,0.0,0.0,223.0,2,12
893,2020-12-10,13,0.0,0.0,237.0,3,12
894,2020-12-11,13,0.0,0.0,202.0,4,12
895,2020-12-12,13,29.09,0.0,211.0,5,12
896,2020-12-13,18,36.45,0.0,206.0,6,12
897,2020-12-14,24,47.46,0.0,259.0,0,12
898,2020-12-15,38,68.31,0.0,283.0,1,12
899,2020-12-16,35,89.56,0.0,257.0,2,12
900,2020-12-17,64,146.46,0.0,314.0,3,12
901,2020-12-18,46,158.79,0.0,265.0,4,12
902,2020-12-19,45,124.76,0.0,294.0,5,12
903,2020-12-20,52,131.49,0.0,249.0,6,12
904,2020-12-21,55,142.0,0.0,309.0,0,12
905,2020-12-22,59,142.72,0.0,293.0,1,12
906,2020-12-23,45,106.54,0.0,210.0,2,12
907,2020-12-24,30,111.34,0.0,139.0,3,12
908,2020-12-25,27,103.11,0.0,211.0,4,12
909,2020-12-26,17,102.98,0.0,212.0,5,12
910,2020-12-27,23,87.18,0.0,234.0,6,12
911,2020-12-28,33,107.01,0.0,248.0,0,12
912,2020-12-29,33,126.43,0.0,213.0,1,12
913,2020-12-30,18,129.55,0.0,197.0,2,12
914,2020-12-31,25,119.4,0.0,124.0,3,12
915,2021-01-01,24,92.14,0.0,128.0,4,1
916,2021-01-02,17,81.23,0.0,226.0,5,1
917,2021-01-03,19,84.51,0.0,207.0,6,1
918,2021-01-04,31,88.19,0.0,245.0,0,1
919,2021-01-05,33,91.69,0.0,296.0,1,1
920,2021-01-06,26,93.86,0.0,255.0,2,1
921,2021-01-07,34,94.55,0.0,219.0,3,1
922,2021-01-08,15,88.83,0.0,197.0,4,1
923,2021-01-09,27,95.46,0.0,204.0,5,1
924,2021-01-10,16,141.2,0.0,220.0,6,1
925,2021-01-11,31,144.29,0.0,233.0,0,1
926,2021-01-12,34,131.51,0.0,270.0,1,1
927,2021-01-13,28,129.82,0.0,237.0,2,1
928,2021-01-14,46,107.19,0.0,282.0,3,1
929,2021-01-15,59,96.07,0.0,279.0,4,1
930,2021-01-16,29,135.6,0.0,232.0,5,1
931,2021-01-17,34,165.29,0.0,287.0,6,1
932,2021-01-18,41,174.71,0.0,261.0,0,1
933,2021-01-19,46,192.42,0.0,323.0,1,1
934,2021-01-20,36,196.09,0.0,256.0,2,1
935,2021-01-21,25,156.39,0.0,265.0,3,1
936,2021-01-22,28,153.45,0.0,231.0,4,1
937,2021-01-23,25,199.31,0.0,245.0,5,1
938,2021-01-24,22,144.47,0.0,251.0,6,1
939,2021-01-25,43,211.41,0.0,314.0,0,1
940,2021-01-26,31,180.84,0.0,259.0,1,1
941,2021-01-27,40,188.27,0.0,259.0,2,1
942,2021-01-28,30,220.57,0.0,241.0,3,1
943,2021-01-29,35,237.61,0.0,256.0,4,1
944,2021-01-30,38,214.91,0.0,259.0,5,1
945,2021-01-31,40,182.58,0.0,274.0,6,1
946,2021-02-01,56,186.03,0.0,350.0,0,2
947,2021-02-02,33,179.07,0.0,291.0,1,2
948,2021-02-03,43,179.86,0.0,322.0,2,2
949,2021-02-04,50,182.08,0.0,294.0,3,2
950,2021-02-05,32,154.82,0.0,283.0,4,2
951,2021-02-06,21,137.82,0.0,240.0,5,2
952,2021-02-07,28,107.73,0.0,253.0,6,2
953,2021-02-08,38,107.54,0.0,278.0,0,2
954,2021-02-09,41,109.31,0.0,296.0,1,2
955,2021-02-10,28,107.45,0.0,259.0,2,2
956,2021-02-11,43,129.56,0.0,270.0,3,2
957,2021-02-12,34,226.66,0.0,241.0,4,2
958,2021-02-13,31,224.26,0.0,240.0,5,2
959,2021-02-14,16,199.92,0.0,205.0,6,2
960,2021-02-15,39,136.4,0.0,270.0,0,2
961,2021-02-16,44,277.21,0.0,271.0,1,2
962,2021-02-17,24,185.75,0.0,245.0,2,2
963,2021-02-18,35,133.74,0.0,249.0,3,2
964,2021-02-19,23,270.56,0.0,225.0,4,2
965,2021-02-20,22,181.65,0.0,247.0,5,2
966,2021-02-21,20,130.99,0.0,245.0,6,2
967,2021-02-22,29,135.47,0.0,290.0,0,2
968,2021-02-23,45,372.99,0.0,283.0,1,2
969,2021-02-24,46,339.11,0.0,280.0,2,2
970,2021-02-25,34,261.27,0.0,304.0,3,2
971,2021-02-26,26,260.61,0.0,241.0,4,2
972,2021-02-27,31,241.3,0.0,226.0,5,2
973,2021-02-28,21,216.52,0.0,242.0,6,2
974,2021-03-01,35,212.17,0.0,242.0,0,3
975,2021-03-02,26,225.01,0.0,264.0,1,3
976,2021-03-03,31,220.73,0.0,245.0,2,3
977,2021-03-04,20,214.12,83.13,216.0,3,3
978,2021-03-05,23,289.04,79.1,154.0,4,3
979,2021-03-06,24,224.78,56.63,128.0,5,3
980,2021-03-07,30,119.05,88.68,151.0,6,3
981,2021-03-08,32,271.72,75.43,169.0,0,3
982,2021-03-09,24,124.33,14.18,173.0,1,3
983,2021-03-10,25,111.81,21.85,154.0,2,3
984,2021-03-11,25,118.8,23.47,131.0,3,3
985,2021-03-12,22,114.38,38.79,130.0,4,3
986,2021-03-13,12,124.08,63.66,108.0,5,3
987,2021-03-14,25,118.33,85.17,161.0,6,3
988,2021-03-15,16,117.8,41.92,155.0,0,3
989,2021-03-16,21,144.27,41.6,121.0,1,3
990,2021-03-17,13,146.65,40.84,128.0,2,3
991,2021-03-18,19,123.38,37.66,164.0,3,3
992,2021-03-19,16,238.31,36.59,162.0,4,3
993,2021-03-20,26,214.71,32.7,114.0,5,3
994,2021-03-21,16,176.86,33.21,144.0,6,3
995,2021-03-22,22,136.99,29.04,168.0,0,3
996,2021-03-23,28,139.17,32.26,136.0,1,3
997,2021-03-24,16,131.38,35.66,165.0,2,3
998,2021-03-25,29,113.88,28.34,158.0,3,3
999,2021-03-26,12,115.36,20.89,138.0,4,3
1000,2021-03-27,18,106.46,44.0,126.0,5,3
1001,2021-03-28,27,113.92,64.12,128.0,6,3
1002,2021-03-29,30,97.03,32.69,164.0,0,3
1003,2021-03-30,23,116.86,29.65,168.0,1,3
1004,2021-03-31,22,115.45,29.02,138.0,2,3
1005,2021-04-01,25,131.4,36.6,168.0,3,4
1006,2021-04-02,20,155.57,34.94,161.0,4,4
1007,2021-04-03,28,113.92,36.22,159.0,5,4
1008,2021-04-04,29,111.78,33.9,158.0,6,4
1009,2021-04-05,34,89.78,29.85,160.0,0,4
1010,2021-04-06,23,78.04,31.48,183.0,1,4
1011,2021-04-07,39,128.61,12.0,169.0,2,4
1012,2021-04-08,36,116.22,7.51,177.0,3,4
1013,2021-04-09,24,115.98,9.59,160.0,4,4
1014,2021-04-10,21,112.32,13.14,142.0,5,4
1015,2021-04-11,17,92.72,13.83,138.0,6,4
1016,2021-04-12,21,91.57,9.73,125.0,0,4
1017,2021-04-13,22,82.23,6.81,157.0,1,4
1018,2021-04-14,32,84.88,7.83,162.0,2,4
1019,2021-04-15,21,100.53,7.5,191.0,3,4
1020,2021-04-16,17,165.7,11.04,134.0,4,4
1021,2021-04-17,23,121.16,17.76,146.0,5,4
1022,2021-04-18,18,101.31,13.45,185.0,6,4
1023,2021-04-19,19,119.28,11.66,176.0,0,4
1024,2021-04-20,27,86.32,9.02,162.0,1,4
1025,2021-04-21,29,111.74,8.31,177.0,2,4
1026,2021-04-22,19,123.66,10.1,160.0,3,4
1027,2021-04-23,23,139.9,10.17,157.0,4,4
1028,2021-04-24,20,144.91,7.59,160.0,5,4
1029,2021-04-25,38,138.66,8.38,216.0,6,4
1030,2021-04-26,34,184.18,10.74,213.0,0,4
1031,2021-04-27,32,187.75,10.0,170.0,1,4
1032,2021-04-28,34,180.91,10.16,162.0,2,4
1033,2021-04-29,29,211.24,10.98,165.0,3,4
1034,2021-04-30,41,203.98,9.02,180.0,4,4
1035,2021-05-01,24,195.7,10.1,152.0,5,5
1036,2021-05-02,32,216.92,9.35,195.0,6,5
1037,2021-05-03,38,215.13,10.67,183.0,0,5
1038,2021-05-04,33,207.58,8.12,186.0,1,5
1039,2021-05-05,41,245.78,10.28,201.0,2,5
1040,2021-05-06,62,229.32,10.7,242.0,3,5
1041,2021-05-07,41,216.86,7.37,201.0,4,5
1042,2021-05-08,25,255.55,6.06,164.0,5,5
1043,2021-05-09,24,278.84,9.39,162.0,6,5
1044,2021-05-10,49,266.62,14.74,158.0,0,5
1045,2021-05-11,32,233.03,11.54,176.0,1,5
1046,2021-05-12,27,157.7,15.11,168.0,2,5
1047,2021-05-13,15,138.21,14.25,172.0,3,5
1048,2021-05-14,30,176.67,8.21,156.0,4,5
1049,2021-05-15,18,199.29,7.65,166.0,5,5
1050,2021-05-16,23,204.33,8.22,153.0,6,5
1051,2021-05-17,25,218.85,10.45,190.0,0,5
1052,2021-05-18,43,241.37,10.32,199.0,1,5
1053,2021-05-19,26,216.84,9.85,173.0,2,5
1054,2021-05-20,31,245.35,8.85,189.0,3,5
1055,2021-05-21,26,190.69,4.18,161.0,4,5
1056,2021-05-22,17,165.35,7.41,168.0,5,5
1057,2021-05-23,21,226.47,5.99,163.0,6,5
1058,2021-05-24,38,240.48,9.26,207.0,0,5
1059,2021-05-25,33,248.61,9.29,207.0,1,5
1060,2021-05-26,31,178.39,11.17,198.0,2,5
1061,2021-05-27,33,187.39,10.98,178.0,3,5
1062,2021-05-28,37,221.92,15.61,179.0,4,5
1063,2021-05-29,24,206.55,21.91,179.0,5,5
1064,2021-05-30,33,187.4,21.01,171.0,6,5
1065,2021-05-31,28,217.49,26.82,171.0,0,5
1066,2021-06-01,31,219.62,25.23,186.0,1,6
1067,2021-06-02,35,218.79,22.37,221.0,2,6
1068,2021-06-03,26,126.47,24.39,162.0,3,6
1069,2021-06-04,28,117.38,23.66,189.0,4,6
1070,2021-06-05,20,147.01,20.87,170.0,5,6
1071,2021-06-06,19,168.86,22.27,177.0,6,6
1072,2021-06-07,12,142.52,18.97,175.0,0,6
1073,2021-06-08,27,84.0,19.17,160.0,1,6
1074,2021-06-09,39,159.82,17.41,169.0,2,6
1075,2021-06-10,31,172.8,20.01,194.0,3,6
1076,2021-06-11,27,169.29,17.63,161.0,4,6
1077,2021-06-12,25,178.6,15.07,169.0,5,6
1078,2021-06-13,23,174.05,16.32,204.0,6,6
1079,2021-06-14,44,163.97,19.01,211.0,0,6
1080,2021-06-15,41,177.46,13.67,212.0,1,6
1081,2021-06-16,61,125.82,20.58,257.0,2,6
1082,2021-06-17,37,239.02,25.36,226.0,3,6
1083,2021-06-18,39,215.28,18.67,193.0,4,6
1084,2021-06-19,28,193.52,0.16,253.0,5,6
1085,2021-06-20,16,189.49,4.18,205.0,6,6
1086,2021-06-21,19,190.37,13.19,197.0,0,6
1087,2021-06-22,34,188.51,27.04,206.0,1,6
1088,2021-06-23,24,192.04,39.96,169.0,2,6
1089,2021-06-24,21,147.33,40.2,176.0,3,6
1090,2021-06-25,25,131.36,24.99,156.0,4,6
1091,2021-06-26,19,118.7,16.86,178.0,5,6
1092,2021-06-27,16,131.19,15.59,168.0,6,6
1093,2021-06-28,27,135.3,16.39,182.0,0,6
1094,2021-06-29,20,141.57,26.02,172.0,1,6
1095,2021-06-30,37,137.33,22.96,194.0,2,6
1096,2021-07-01,28,141.3,25.26,192.0,3,7
1097,2021-07-02,39,135.44,16.54,198.0,4,7
1098,2021-07-03,26,145.08,21.89,149.0,5,7
1099,2021-07-04,30,141.55,23.14,152.0,6,7
1100,2021-07-05,41,136.0,22.72,202.0,0,7
1101,2021-07-06,51,142.68,21.97,198.0,1,7
1102,2021-07-07,29,136.06,20.64,194.0,2,7
1103,2021-07-08,32,138.55,19.91,179.0,3,7
1104,2021-07-09,22,142.63,19.27,146.0,4,7
1105,2021-07-10,17,142.53,13.5,165.0,5,7
1106,2021-07-11,21,133.94,15.27,173.0,6,7
1107,2021-07-12,35,135.69,18.87,210.0,0,7
1108,2021-07-13,33,136.67,18.51,207.0,1,7
1109,2021-07-14,25,138.48,16.23,194.0,2,7
1110,2021-07-15,27,137.04,14.8,180.0,3,7
1111,2021-07-16,25,139.44,17.65,170.0,4,7
1112,2021-07-17,16,146.84,24.58,148.0,5,7
1113,2021-07-18,19,140.15,22.19,158.0,6,7
1114,2021-07-19,31,140.26,25.15,184.0,0,7
1115,2021-07-20,25,138.43,16.92,199.0,1,7
1116,2021-07-21,32,136.09,23.97,184.0,2,7
1117,2021-07-22,34,152.63,22.65,193.0,3,7
1118,2021-07-23,24,167.74,22.15,180.0,4,7
1119,2021-07-24,22,179.44,18.88,135.0,5,7
1120,2021-07-25,24,173.56,14.74,167.0,6,7
1121,2021-07-26,22,171.19,14.83,144.0,0,7
1122,2021-07-27,26,175.59,21.0,165.0,1,7
1123,2021-07-28,19,152.55,15.35,119.0,2,7
1124,2021-07-29,41,157.72,35.93,148.0,3,7
1125,2021-07-30,39,153.64,50.31,155.0,4,7
1126,2021-07-31,25,159.42,63.64,156.0,5,7
1127,2021-08-01,28,155.88,59.86,192.0,6,8
1128,2021-08-02,49,151.44,0.0,240.0,0,8
1129,2021-08-03,37,157.02,50.31,191.0,1,8
1130,2021-08-04,32,153.5,88.42,161.0,2,8
1131,2021-08-05,27,149.64,99.26,185.0,3,8
1132,2021-08-06,22,151.84,78.69,140.0,4,8
1133,2021-08-07,19,165.58,69.82,160.0,5,8
1134,2021-08-08,26,217.64,74.28,177.0,6,8
1135,2021-08-09,48,262.33,71.54,189.0,0,8
1136,2021-08-10,41,273.96,56.42,182.0,1,8
1137,2021-08-11,42,269.07,52.81,210.0,2,8
1138,2021-08-12,42,274.8,52.35,223.0,3,8
1139,2021-08-13,28,270.59,68.36,170.0,4,8
1140,2021-08-14,24,292.82,58.01,143.0,5,8
1141,2021-08-15,16,267.43,69.16,158.0,6,8
1142,2021-08-16,35,267.4,71.4,196.0,0,8
1143,2021-08-17,26,271.35,66.91,217.0,1,8
1144,2021-08-18,34,278.85,67.5,194.0,2,8
1145,2021-08-19,32,270.87,59.03,214.0,3,8
1146,2021-08-20,38,305.3,51.65,161.0,4,8
1147,2021-08-21,25,314.3,59.88,175.0,5,8
1148,2021-08-22,28,269.76,67.62,172.0,6,8
1149,2021-08-23,46,142.59,63.68,220.0,0,8
1150,2021-08-24,41,138.69,64.04,206.0,1,8
1151,2021-08-25,38,142.0,57.76,198.0,2,8
1152,2021-08-26,38,122.63,73.91,180.0,3,8
1153,2021-08-27,45,211.85,63.09,196.0,4,8
1154,2021-08-28,31,220.42,74.4,177.0,5,8
1155,2021-08-29,35,200.17,74.24,206.0,6,8
1156,2021-08-30,24,173.36,63.88,225.0,0,8
1157,2021-08-31,42,173.66,59.14,245.0,1,8
1158,2021-09-01,27,169.47,54.06,243.0,2,9
1159,2021-09-02,27,169.59,56.58,213.0,3,9
1160,2021-09-03,24,163.13,56.83,197.0,4,9
1161,2021-09-04,15,164.07,36.92,175.0,5,9
1162,2021-09-05,24,156.16,52.32,192.0,6,9
1163,2021-09-06,39,153.74,56.78,221.0,0,9
1164,2021-09-07,46,157.39,51.55,197.0,1,9
1165,2021-09-08,30,152.72,49.43,181.0,2,9
1166,2021-09-09,23,156.23,49.13,162.0,3,9
1167,2021-09-10,23,124.42,37.72,154.0,4,9
1168,2021-09-11,13,113.8,58.16,124.0,5,9
1169,2021-09-12,18,135.82,57.33,167.0,6,9
1170,2021-09-13,22,160.43,56.95,197.0,0,9
1171,2021-09-14,25,148.74,53.7,201.0,1,9
1172,2021-09-15,29,116.94,50.43,194.0,2,9
1173,2021-09-16,15,116.34,40.69,139.0,3,9
1174,2021-09-17,24,173.0,50.14,135.0,4,9
1175,2021-09-18,23,124.01,46.62,153.0,5,9
1176,2021-09-19,18,117.29,41.62,182.0,6,9
1177,2021-09-20,23,106.34,44.57,219.0,0,9
1178,2021-09-21,26,117.14,43.08,167.0,1,9
1179,2021-09-22,19,119.25,29.77,155.0,2,9
1180,2021-09-23,28,119.02,47.25,152.0,3,9
1181,2021-09-24,21,142.29,41.87,160.0,4,9
1182,2021-09-25,20,171.69,42.0,120.0,5,9
1183,2021-09-26,13,167.26,41.17,154.0,6,9
